Player,Year,Net_Freq,Matches,Net_Game_Frequency,Net_Game_Effectiveness,Net_Game_Impact,Serve_Volley_Frequency,Serve_Volley_Effectiveness,Serve_Volley_Impact,Forehand_Power,Backhand_Power,Groundstroke_Balance,Overall_Groundstroke_Power,Forehand_DTL_Control,Forehand_IO_Control,Backhand_DTL_Control,Directional_Versatility,Drop_Shot_Usage,Drop_Shot_Effectiveness,Drop_Shot_Impact,Rally_Aggression,Return_Aggression,Overall_Aggression,Court_Position_Strategy,Tactical_Versatility,Power_Finesse_Balance,Tactical_Adaptability,Tactical_Match_Impact,Offensive_Efficiency,Tactical_Intelligence,Overall_Tactical_Game
Amanda Anisimova,2017,0.096,2,0.096,0.53,0.05,0.0,0.0,0.0,0.13,0.115,0.029,0.123,0.128,0.042,0.27,0.22,0.016,0.25,0.003,0.435,0.318,0.388,0.615,0.7,0.975,0.765,0.759,0.18,0.651,0.355
Amanda Anisimova,2018,0.038,3,0.038,0.699,0.021,0.0,0.0,0.0,0.112,0.1,0.033,0.106,0.216,0.0,0.236,0.226,0.022,0.367,0.01,0.482,0.387,0.444,0.311,0.6,0.902,0.633,0.606,0.182,0.575,0.329
Amanda Anisimova,2019,0.044,18,0.044,0.729,0.03,0.0,0.0,0.0,0.186,0.152,0.05,0.169,0.287,0.19,0.353,0.415,0.02,0.283,0.006,0.448,0.369,0.416,0.265,0.667,0.79,0.623,0.641,0.201,0.618,0.35
Amanda Anisimova,2020,0.055,5,0.055,0.46,0.031,0.0,0.0,0.0,0.226,0.121,0.107,0.174,0.27,0.0,0.18,0.225,0.014,0.292,0.007,0.672,0.392,0.56,0.285,0.56,0.907,0.609,0.607,0.247,0.558,0.36
Amanda Anisimova,2021,0.046,2,0.046,0.712,0.031,0.0,0.0,0.0,0.151,0.196,0.054,0.173,0.226,0.0,0.477,0.351,0.009,0.0,0.0,0.835,0.8,0.821,0.259,0.6,0.977,0.645,0.581,0.325,0.625,0.443
Amanda Anisimova,2022,0.057,13,0.057,0.728,0.042,0.0,0.0,0.0,0.205,0.193,0.04,0.199,0.336,0.192,0.333,0.431,0.01,0.237,0.002,0.733,0.564,0.666,0.267,0.662,0.932,0.664,0.68,0.292,0.658,0.427
Amanda Anisimova,2023,0.046,5,0.046,0.76,0.029,0.006,0.1,0.003,0.218,0.169,0.111,0.193,0.325,0.24,0.255,0.41,0.008,0.3,0.004,0.611,0.479,0.558,0.291,0.64,0.813,0.622,0.584,0.254,0.613,0.383
Amanda Anisimova,2024,0.074,8,0.074,0.654,0.048,0.0,0.0,0.0,0.214,0.184,0.051,0.199,0.293,0.188,0.276,0.378,0.011,0.05,0.001,0.713,0.639,0.684,0.348,0.6,0.953,0.656,0.655,0.299,0.629,0.419
Amanda Anisimova,2025,0.07,18,0.07,0.684,0.047,0.002,0.028,0.001,0.219,0.211,0.053,0.215,0.321,0.165,0.372,0.429,0.007,0.19,0.002,0.729,0.602,0.678,0.329,0.667,0.943,0.682,0.709,0.303,0.666,0.435
Aryna Sabalenka,2016,0.097,2,0.097,0.762,0.075,0.0,0.0,0.0,0.195,0.18,0.018,0.187,0.238,0.0,0.351,0.294,0.009,0.5,0.006,0.748,0.648,0.708,0.459,0.7,0.994,0.74,0.745,0.31,0.667,0.451
Aryna Sabalenka,2017,0.12,20,0.12,0.735,0.088,0.008,0.25,0.006,0.26,0.217,0.065,0.239,0.333,0.008,0.341,0.341,0.008,0.267,0.004,0.928,0.805,0.879,0.484,0.71,0.99,0.749,0.775,0.385,0.684,0.507
Aryna Sabalenka,2018,0.094,62,0.094,0.721,0.065,0.008,0.125,0.005,0.233,0.17,0.079,0.201,0.302,0.149,0.342,0.397,0.007,0.204,0.003,0.671,0.62,0.65,0.427,0.677,0.935,0.705,0.733,0.295,0.666,0.433
Aryna Sabalenka,2019,0.095,60,0.095,0.705,0.068,0.006,0.136,0.004,0.202,0.147,0.073,0.175,0.259,0.121,0.369,0.375,0.01,0.282,0.003,0.492,0.52,0.503,0.484,0.697,0.908,0.717,0.737,0.241,0.664,0.397
Aryna Sabalenka,2020,0.104,38,0.104,0.717,0.072,0.01,0.154,0.005,0.214,0.147,0.075,0.181,0.301,0.154,0.342,0.398,0.015,0.345,0.006,0.501,0.46,0.484,0.506,0.726,0.873,0.726,0.759,0.239,0.674,0.4
Aryna Sabalenka,2021,0.082,62,0.082,0.735,0.06,0.014,0.242,0.009,0.251,0.203,0.086,0.227,0.366,0.134,0.384,0.442,0.021,0.397,0.009,0.667,0.702,0.681,0.376,0.787,0.926,0.747,0.782,0.313,0.719,0.466
Aryna Sabalenka,2022,0.07,55,0.07,0.74,0.052,0.002,0.073,0.001,0.224,0.173,0.074,0.199,0.306,0.296,0.412,0.507,0.017,0.405,0.008,0.507,0.568,0.532,0.331,0.713,0.843,0.676,0.693,0.255,0.678,0.407
Aryna Sabalenka,2023,0.069,68,0.069,0.738,0.052,0.003,0.094,0.002,0.259,0.203,0.082,0.231,0.353,0.221,0.457,0.515,0.011,0.29,0.004,0.652,0.634,0.645,0.297,0.679,0.894,0.667,0.709,0.302,0.678,0.435
Aryna Sabalenka,2024,0.08,69,0.08,0.738,0.059,0.005,0.121,0.003,0.232,0.187,0.085,0.209,0.325,0.125,0.408,0.429,0.022,0.372,0.009,0.619,0.545,0.59,0.371,0.733,0.901,0.711,0.758,0.278,0.685,0.428
Aryna Sabalenka,2025,0.083,33,0.083,0.706,0.058,0.004,0.195,0.003,0.206,0.19,0.065,0.198,0.267,0.091,0.396,0.377,0.029,0.334,0.01,0.486,0.39,0.448,0.397,0.752,0.88,0.719,0.755,0.231,0.675,0.392
Clara Tauson,2019,0.056,2,0.056,0.834,0.047,0.0,0.0,0.0,0.124,0.086,0.039,0.105,0.136,0.25,0.285,0.336,0.019,0.361,0.007,0.165,0.118,0.146,0.44,0.6,0.541,0.55,0.543,0.1,0.51,0.249
Clara Tauson,2020,0.104,1,0.104,0.52,0.054,0.0,0.0,0.0,0.189,0.133,0.056,0.161,0.203,0.0,0.286,0.245,0.023,0.5,0.012,0.335,0.205,0.283,0.543,0.6,0.931,0.688,0.757,0.166,0.599,0.313
Clara Tauson,2021,0.098,6,0.098,0.571,0.05,0.0,0.0,0.0,0.152,0.142,0.04,0.147,0.254,0.349,0.436,0.519,0.011,0.633,0.007,0.171,0.13,0.154,0.52,0.567,0.545,0.551,0.57,0.12,0.546,0.263
Clara Tauson,2022,0.04,8,0.04,0.637,0.028,0.0,0.0,0.0,0.166,0.084,0.096,0.125,0.271,0.446,0.283,0.5,0.01,0.529,0.004,0.291,0.292,0.292,0.305,0.55,0.681,0.54,0.552,0.146,0.561,0.288
Clara Tauson,2023,0.09,5,0.09,0.674,0.061,0.0,0.0,0.0,0.226,0.077,0.149,0.151,0.268,0.39,0.176,0.417,0.027,0.384,0.011,0.121,0.134,0.126,0.532,0.64,0.509,0.579,0.614,0.117,0.543,0.266
Clara Tauson,2024,0.093,6,0.093,0.6,0.053,0.005,0.083,0.002,0.216,0.11,0.109,0.163,0.25,0.347,0.293,0.445,0.033,0.324,0.012,0.18,0.243,0.205,0.51,0.667,0.625,0.623,0.604,0.143,0.592,0.299
Clara Tauson,2025,0.078,20,0.078,0.653,0.049,0.004,0.025,0.002,0.186,0.12,0.092,0.153,0.294,0.305,0.22,0.409,0.026,0.309,0.01,0.164,0.216,0.185,0.461,0.58,0.645,0.576,0.583,0.131,0.549,0.272
Coco Gauff,2019,0.103,12,0.103,0.665,0.069,0.003,0.0,0.0,0.098,0.092,0.042,0.095,0.157,0.0,0.243,0.2,0.02,0.314,0.008,0.042,0.047,0.044,0.705,0.517,0.546,0.563,0.586,0.072,0.455,0.207
Coco Gauff,2020,0.088,8,0.088,0.647,0.058,0.001,0.0,0.0,0.082,0.124,0.047,0.103,0.127,0.0,0.263,0.195,0.014,0.286,0.004,0.041,0.107,0.067,0.636,0.525,0.642,0.582,0.584,0.079,0.48,0.218
Coco Gauff,2021,0.106,12,0.106,0.675,0.071,0.0,0.0,0.0,0.137,0.135,0.051,0.136,0.21,0.058,0.286,0.277,0.016,0.442,0.007,0.114,0.181,0.141,0.588,0.567,0.665,0.6,0.6,0.118,0.522,0.258
Coco Gauff,2022,0.097,23,0.097,0.59,0.06,0.013,0.326,0.008,0.104,0.127,0.067,0.115,0.148,0.055,0.305,0.254,0.011,0.331,0.004,0.139,0.182,0.156,0.665,0.617,0.627,0.63,0.619,0.111,0.532,0.263
Coco Gauff,2023,0.095,36,0.095,0.668,0.066,0.004,0.088,0.002,0.088,0.122,0.044,0.105,0.118,0.066,0.249,0.217,0.01,0.262,0.004,0.069,0.063,0.066,0.639,0.511,0.58,0.557,0.582,0.081,0.463,0.214
Coco Gauff,2024,0.082,36,0.082,0.683,0.057,0.002,0.083,0.002,0.102,0.137,0.052,0.119,0.174,0.042,0.315,0.265,0.008,0.215,0.002,0.068,0.171,0.109,0.562,0.494,0.627,0.548,0.555,0.098,0.477,0.226
Coco Gauff,2025,0.073,27,0.073,0.764,0.054,0.0,0.0,0.0,0.118,0.126,0.063,0.122,0.202,0.086,0.368,0.328,0.01,0.279,0.003,0.138,0.206,0.165,0.493,0.563,0.599,0.56,0.574,0.115,0.511,0.254
Ekaterina Alexandrova,2016,0.046,2,0.046,0.8,0.036,0.005,0.5,0.005,0.178,0.108,0.07,0.142,0.18,0.5,0.178,0.429,0.005,0.25,0.002,0.525,0.655,0.577,0.313,0.8,0.937,0.744,0.743,0.241,0.72,0.426
Ekaterina Alexandrova,2017,0.02,2,0.02,1.0,0.02,0.0,0.0,0.0,0.205,0.107,0.098,0.156,0.303,0.0,0.156,0.229,0.016,0.5,0.005,0.392,0.44,0.412,0.143,0.7,0.981,0.673,0.74,0.192,0.632,0.351
Ekaterina Alexandrova,2018,0.073,4,0.073,0.825,0.056,0.005,0.25,0.005,0.182,0.16,0.038,0.171,0.178,0.0,0.288,0.233,0.006,0.125,0.002,0.718,0.719,0.718,0.376,0.7,0.997,0.724,0.725,0.301,0.649,0.441
Ekaterina Alexandrova,2019,0.039,18,0.039,0.66,0.026,0.0,0.0,0.0,0.157,0.109,0.058,0.133,0.224,0.167,0.199,0.295,0.005,0.213,0.002,0.255,0.355,0.295,0.272,0.533,0.873,0.583,0.574,0.149,0.554,0.286
Ekaterina Alexandrova,2020,0.052,6,0.052,0.798,0.041,0.0,0.0,0.0,0.204,0.15,0.067,0.177,0.305,0.046,0.129,0.24,0.002,0.0,0.0,0.479,0.545,0.505,0.305,0.567,0.963,0.633,0.659,0.235,0.581,0.356
Ekaterina Alexandrova,2021,0.04,5,0.04,0.758,0.027,0.0,0.0,0.0,0.211,0.155,0.076,0.183,0.32,0.2,0.287,0.404,0.009,0.2,0.004,0.356,0.339,0.349,0.225,0.56,0.804,0.566,0.562,0.186,0.571,0.312
Ekaterina Alexandrova,2022,0.038,8,0.038,0.739,0.027,0.0,0.0,0.0,0.156,0.094,0.066,0.125,0.239,0.25,0.182,0.335,0.006,0.312,0.003,0.22,0.322,0.261,0.276,0.575,0.738,0.564,0.568,0.136,0.545,0.279
Ekaterina Alexandrova,2023,0.052,10,0.052,0.748,0.039,0.0,0.0,0.0,0.193,0.124,0.076,0.159,0.306,0.142,0.291,0.369,0.01,0.153,0.002,0.392,0.39,0.391,0.311,0.56,0.808,0.585,0.588,0.192,0.568,0.322
Ekaterina Alexandrova,2024,0.048,14,0.048,0.64,0.033,0.0,0.0,0.0,0.221,0.15,0.073,0.186,0.327,0.036,0.233,0.298,0.006,0.238,0.003,0.41,0.405,0.408,0.26,0.571,0.859,0.595,0.602,0.207,0.567,0.329
Ekaterina Alexandrova,2025,0.046,12,0.046,0.656,0.033,0.0,0.0,0.0,0.209,0.14,0.069,0.175,0.3,0.083,0.365,0.374,0.007,0.389,0.004,0.29,0.305,0.296,0.225,0.583,0.702,0.547,0.552,0.169,0.546,0.296
Elena Rybakina,2018,0.033,1,0.033,0.6,0.02,0.0,0.0,0.0,0.196,0.137,0.059,0.166,0.306,0.0,0.083,0.194,0.016,0.5,0.008,0.97,0.7,0.862,0.185,0.8,1.0,0.737,0.663,0.331,0.673,0.481
Elena Rybakina,2019,0.084,11,0.084,0.741,0.063,0.002,0.091,0.002,0.232,0.126,0.106,0.179,0.31,0.121,0.279,0.355,0.012,0.214,0.005,0.502,0.46,0.486,0.456,0.636,0.917,0.684,0.697,0.236,0.634,0.378
Elena Rybakina,2020,0.083,16,0.083,0.609,0.053,0.0,0.0,0.0,0.168,0.159,0.052,0.164,0.274,0.06,0.349,0.341,0.009,0.227,0.003,0.252,0.283,0.264,0.486,0.55,0.72,0.588,0.591,0.161,0.541,0.289
Elena Rybakina,2021,0.059,12,0.059,0.675,0.038,0.001,0.0,0.0,0.175,0.118,0.073,0.146,0.31,0.0,0.298,0.304,0.007,0.47,0.004,0.301,0.362,0.325,0.354,0.6,0.807,0.613,0.581,0.168,0.571,0.309
Elena Rybakina,2022,0.08,19,0.08,0.661,0.054,0.0,0.0,0.0,0.195,0.144,0.057,0.169,0.306,0.0,0.285,0.295,0.006,0.174,0.002,0.358,0.402,0.375,0.428,0.568,0.888,0.636,0.671,0.196,0.581,0.328
Elena Rybakina,2023,0.073,35,0.073,0.703,0.05,0.001,0.057,0.001,0.182,0.128,0.072,0.155,0.29,0.06,0.339,0.345,0.003,0.174,0.001,0.256,0.334,0.287,0.405,0.531,0.769,0.577,0.612,0.163,0.544,0.291
Elena Rybakina,2024,0.091,34,0.091,0.671,0.061,0.001,0.059,0.001,0.194,0.127,0.09,0.16,0.305,0.086,0.288,0.339,0.008,0.262,0.003,0.381,0.403,0.39,0.503,0.612,0.81,0.649,0.679,0.199,0.593,0.34
Elena Rybakina,2025,0.066,27,0.066,0.702,0.045,0.0,0.037,0.0,0.228,0.154,0.094,0.191,0.351,0.056,0.357,0.382,0.005,0.259,0.002,0.504,0.524,0.512,0.333,0.637,0.89,0.652,0.665,0.244,0.628,0.38
Elina Svitolina,2013,0.08,1,0.08,0.571,0.046,0.023,1.0,0.023,0.07,0.058,0.012,0.064,0.182,0.0,0.182,0.182,0.015,0.0,0.0,0.33,0.215,0.284,0.884,0.6,0.948,0.761,0.685,0.125,0.605,0.3
Elina Svitolina,2014,0.055,13,0.055,0.608,0.032,0.001,0.077,0.001,0.104,0.082,0.051,0.093,0.198,0.239,0.238,0.337,0.007,0.237,0.002,0.0,0.0,0.0,0.472,0.477,0.333,0.433,0.421,0.047,0.402,0.169
Elina Svitolina,2015,0.069,19,0.069,0.677,0.044,0.0,0.0,0.0,0.095,0.056,0.047,0.076,0.204,0.11,0.234,0.274,0.005,0.168,0.001,0.012,0.011,0.012,0.597,0.421,0.357,0.437,0.453,0.047,0.376,0.161
Elina Svitolina,2016,0.086,9,0.086,0.654,0.051,0.0,0.0,0.0,0.088,0.07,0.024,0.079,0.179,0.343,0.285,0.404,0.007,0.226,0.002,0.011,0.008,0.01,0.627,0.489,0.253,0.446,0.45,0.05,0.41,0.178
Elina Svitolina,2017,0.057,25,0.057,0.627,0.037,0.004,0.2,0.003,0.128,0.093,0.046,0.111,0.273,0.176,0.295,0.372,0.008,0.246,0.002,0.039,0.04,0.039,0.475,0.536,0.319,0.459,0.485,0.067,0.432,0.195
Elina Svitolina,2018,0.093,27,0.093,0.759,0.07,0.016,0.333,0.012,0.11,0.072,0.047,0.091,0.226,0.207,0.231,0.332,0.007,0.227,0.002,0.044,0.056,0.049,0.737,0.541,0.382,0.532,0.555,0.072,0.455,0.211
Elina Svitolina,2019,0.092,44,0.092,0.677,0.061,0.006,0.239,0.004,0.087,0.072,0.027,0.079,0.179,0.095,0.243,0.259,0.006,0.231,0.002,0.009,0.011,0.01,0.743,0.514,0.336,0.506,0.525,0.053,0.413,0.184
Elina Svitolina,2020,0.074,10,0.074,0.733,0.052,0.0,0.0,0.0,0.091,0.088,0.046,0.089,0.156,0.1,0.272,0.264,0.009,0.256,0.004,0.0,0.016,0.006,0.594,0.48,0.381,0.473,0.498,0.053,0.404,0.176
Elina Svitolina,2021,0.082,30,0.082,0.623,0.05,0.004,0.1,0.003,0.119,0.099,0.048,0.109,0.222,0.068,0.294,0.292,0.006,0.172,0.001,0.042,0.032,0.039,0.577,0.473,0.429,0.481,0.495,0.07,0.421,0.189
Elina Svitolina,2022,0.028,3,0.028,0.667,0.018,0.003,0.0,0.0,0.096,0.132,0.036,0.114,0.175,0.0,0.266,0.22,0.007,0.444,0.003,0.012,0.038,0.022,0.246,0.467,0.544,0.446,0.423,0.058,0.415,0.175
Elina Svitolina,2023,0.059,11,0.059,0.702,0.037,0.0,0.0,0.0,0.133,0.097,0.056,0.115,0.248,0.185,0.283,0.358,0.005,0.295,0.003,0.067,0.039,0.056,0.446,0.509,0.432,0.474,0.494,0.074,0.447,0.201
Elina Svitolina,2024,0.083,18,0.083,0.628,0.052,0.011,0.111,0.005,0.148,0.11,0.06,0.129,0.286,0.213,0.315,0.407,0.009,0.328,0.004,0.104,0.101,0.103,0.561,0.556,0.482,0.535,0.541,0.098,0.499,0.235
Elina Svitolina,2025,0.083,16,0.083,0.596,0.049,0.004,0.125,0.004,0.143,0.094,0.055,0.118,0.276,0.276,0.255,0.404,0.005,0.229,0.002,0.076,0.084,0.079,0.564,0.5,0.44,0.495,0.506,0.086,0.463,0.213
Emma Navarro,2021,0.124,1,0.124,0.333,0.041,0.0,0.0,0.0,0.081,0.017,0.064,0.049,0.222,0.0,0.0,0.111,0.018,0.5,0.009,0.0,0.0,0.0,0.971,0.6,0.36,0.602,0.542,0.032,0.43,0.185
Emma Navarro,2022,0.112,2,0.112,0.666,0.074,0.0,0.0,0.0,0.109,0.134,0.025,0.121,0.158,0.25,0.542,0.475,0.008,0.5,0.001,0.0,0.0,0.0,0.703,0.5,0.246,0.464,0.459,0.071,0.434,0.195
Emma Navarro,2023,0.062,7,0.062,0.575,0.04,0.0,0.0,0.0,0.144,0.116,0.03,0.13,0.144,0.202,0.299,0.323,0.017,0.262,0.006,0.133,0.134,0.133,0.407,0.486,0.6,0.504,0.519,0.104,0.472,0.226
Emma Navarro,2024,0.065,28,0.065,0.704,0.045,0.0,0.0,0.0,0.116,0.111,0.047,0.114,0.194,0.157,0.308,0.33,0.011,0.291,0.004,0.015,0.024,0.019,0.494,0.5,0.405,0.47,0.476,0.065,0.431,0.189
Emma Navarro,2025,0.071,10,0.071,0.638,0.049,0.0,0.0,0.0,0.117,0.097,0.046,0.107,0.199,0.132,0.382,0.357,0.011,0.217,0.003,0.007,0.0,0.004,0.531,0.48,0.306,0.438,0.441,0.059,0.404,0.177
Iga Swiatek,2018,0.081,2,0.081,0.67,0.056,0.014,0.5,0.014,0.297,0.157,0.14,0.227,0.233,0.2,0.194,0.314,0.039,0.486,0.02,0.602,0.392,0.518,0.374,0.9,0.948,0.809,0.89,0.263,0.74,0.443
Iga Swiatek,2019,0.069,13,0.069,0.725,0.046,0.009,0.231,0.005,0.179,0.113,0.085,0.146,0.235,0.277,0.217,0.365,0.029,0.301,0.008,0.526,0.48,0.508,0.448,0.754,0.893,0.734,0.694,0.225,0.68,0.398
Iga Swiatek,2020,0.095,13,0.095,0.807,0.076,0.003,0.128,0.002,0.188,0.172,0.045,0.18,0.252,0.21,0.402,0.432,0.026,0.273,0.009,0.375,0.257,0.328,0.466,0.662,0.797,0.663,0.695,0.193,0.632,0.347
Iga Swiatek,2021,0.052,37,0.052,0.712,0.038,0.0,0.0,0.0,0.172,0.133,0.057,0.153,0.234,0.253,0.337,0.412,0.019,0.287,0.007,0.226,0.211,0.22,0.313,0.589,0.64,0.549,0.562,0.138,0.545,0.277
Iga Swiatek,2022,0.061,76,0.061,0.729,0.046,0.0,0.0,0.0,0.199,0.121,0.085,0.16,0.311,0.201,0.295,0.403,0.002,0.054,0.001,0.309,0.265,0.291,0.34,0.484,0.73,0.529,0.569,0.165,0.524,0.282
Iga Swiatek,2023,0.075,78,0.075,0.763,0.056,0.0,0.013,0.0,0.198,0.134,0.081,0.166,0.312,0.103,0.319,0.367,0.001,0.036,0.0,0.277,0.224,0.256,0.391,0.487,0.726,0.54,0.579,0.16,0.518,0.276
Iga Swiatek,2024,0.074,71,0.074,0.775,0.057,0.0,0.0,0.0,0.187,0.147,0.065,0.167,0.31,0.081,0.317,0.354,0.001,0.077,0.0,0.275,0.256,0.267,0.398,0.499,0.755,0.555,0.596,0.164,0.528,0.283
Iga Swiatek,2025,0.057,46,0.057,0.775,0.045,0.001,0.022,0.001,0.194,0.153,0.07,0.174,0.317,0.11,0.36,0.394,0.002,0.022,0.0,0.322,0.334,0.327,0.32,0.491,0.74,0.532,0.557,0.181,0.527,0.293
Jasmine Paolini,2016,0.1,2,0.1,0.603,0.06,0.0,0.0,0.0,0.12,0.121,0.014,0.121,0.108,0.0,0.393,0.251,0.006,0.125,0.001,0.065,0.002,0.04,0.643,0.5,0.548,0.543,0.552,0.078,0.458,0.206
Jasmine Paolini,2019,0.078,2,0.078,0.625,0.053,0.0,0.0,0.0,0.112,0.054,0.058,0.083,0.08,0.0,0.188,0.134,0.0,0.0,0.0,0.0,0.0,0.0,0.647,0.3,0.66,0.477,0.43,0.049,0.375,0.149
Jasmine Paolini,2020,0.08,4,0.08,0.726,0.058,0.0,0.0,0.0,0.106,0.088,0.026,0.097,0.205,0.0,0.27,0.237,0.004,0.25,0.001,0.125,0.049,0.095,0.604,0.5,0.588,0.547,0.518,0.085,0.464,0.217
Jasmine Paolini,2021,0.076,8,0.076,0.773,0.058,0.0,0.0,0.0,0.115,0.076,0.039,0.096,0.2,0.137,0.304,0.32,0.008,0.488,0.004,0.099,0.062,0.084,0.635,0.575,0.446,0.548,0.564,0.081,0.479,0.226
Jasmine Paolini,2022,0.058,5,0.058,0.623,0.036,0.003,0.2,0.003,0.11,0.083,0.028,0.097,0.242,0.1,0.257,0.299,0.004,0.4,0.002,0.133,0.133,0.133,0.509,0.52,0.527,0.52,0.517,0.089,0.466,0.223
Jasmine Paolini,2023,0.068,6,0.068,0.693,0.041,0.0,0.0,0.0,0.13,0.084,0.046,0.107,0.188,0.054,0.265,0.254,0.01,0.292,0.004,0.0,0.0,0.0,0.459,0.467,0.396,0.444,0.416,0.055,0.393,0.17
Jasmine Paolini,2024,0.086,39,0.086,0.709,0.061,0.004,0.079,0.003,0.173,0.096,0.077,0.135,0.247,0.134,0.304,0.343,0.01,0.326,0.004,0.146,0.105,0.13,0.526,0.569,0.573,0.562,0.572,0.111,0.511,0.25
Jasmine Paolini,2025,0.084,17,0.084,0.751,0.065,0.007,0.118,0.007,0.163,0.124,0.063,0.143,0.234,0.137,0.384,0.378,0.01,0.216,0.002,0.128,0.12,0.125,0.542,0.541,0.525,0.536,0.541,0.114,0.496,0.244
Jessica Pegula,2015,0.046,2,0.046,0.572,0.026,0.0,0.0,0.0,0.142,0.112,0.035,0.127,0.312,0.0,0.411,0.362,0.01,0.166,0.001,0.33,0.34,0.334,0.357,0.6,0.826,0.619,0.602,0.159,0.59,0.311
Jessica Pegula,2016,0.024,1,0.024,0.667,0.016,0.0,0.0,0.0,0.165,0.078,0.087,0.122,0.313,0.0,0.273,0.293,0.011,0.0,0.0,0.465,0.405,0.441,0.181,0.6,0.952,0.622,0.56,0.186,0.599,0.335
Jessica Pegula,2018,0.074,2,0.074,0.631,0.043,0.0,0.0,0.0,0.158,0.086,0.072,0.122,0.34,0.0,0.062,0.201,0.024,0.416,0.011,0.368,0.34,0.357,0.546,0.6,0.973,0.701,0.705,0.169,0.6,0.323
Jessica Pegula,2019,0.087,5,0.087,0.686,0.056,0.0,0.0,0.0,0.157,0.139,0.044,0.148,0.301,0.0,0.375,0.338,0.014,0.086,0.002,0.206,0.229,0.215,0.491,0.52,0.638,0.55,0.566,0.14,0.506,0.264
Jessica Pegula,2020,0.106,5,0.106,0.591,0.058,0.0,0.0,0.0,0.127,0.105,0.029,0.116,0.216,0.0,0.217,0.216,0.015,0.217,0.006,0.075,0.047,0.064,0.639,0.48,0.559,0.536,0.547,0.083,0.444,0.205
Jessica Pegula,2021,0.086,15,0.086,0.69,0.06,0.004,0.033,0.001,0.17,0.101,0.069,0.136,0.275,0.104,0.231,0.305,0.012,0.198,0.003,0.073,0.066,0.07,0.533,0.52,0.557,0.534,0.525,0.093,0.477,0.222
Jessica Pegula,2022,0.078,17,0.078,0.636,0.049,0.0,0.0,0.0,0.116,0.089,0.058,0.103,0.194,0.041,0.262,0.249,0.012,0.232,0.005,0.041,0.066,0.051,0.577,0.482,0.492,0.504,0.489,0.071,0.431,0.195
Jessica Pegula,2023,0.063,31,0.063,0.686,0.043,0.0,0.0,0.0,0.134,0.092,0.058,0.113,0.25,0.077,0.31,0.318,0.015,0.369,0.006,0.022,0.048,0.032,0.473,0.523,0.424,0.483,0.493,0.068,0.442,0.197
Jessica Pegula,2024,0.068,27,0.068,0.572,0.038,0.0,0.0,0.0,0.139,0.116,0.043,0.128,0.231,0.11,0.268,0.304,0.014,0.208,0.003,0.042,0.062,0.05,0.464,0.511,0.515,0.503,0.507,0.077,0.458,0.204
Jessica Pegula,2025,0.09,18,0.09,0.684,0.063,0.001,0.056,0.001,0.137,0.112,0.05,0.125,0.244,0.014,0.268,0.263,0.019,0.319,0.006,0.091,0.085,0.089,0.552,0.544,0.606,0.564,0.578,0.095,0.491,0.232
Karolina Muchova,2018,0.151,1,0.151,0.533,0.08,0.051,0.4,0.02,0.152,0.101,0.051,0.126,0.28,0.0,0.182,0.231,0.032,0.364,0.012,0.17,0.085,0.136,0.901,0.8,0.777,0.814,0.895,0.116,0.657,0.315
Karolina Muchova,2019,0.143,22,0.143,0.712,0.101,0.037,0.499,0.026,0.148,0.115,0.047,0.132,0.23,0.162,0.268,0.33,0.033,0.364,0.013,0.229,0.206,0.22,0.817,0.764,0.721,0.762,0.781,0.149,0.646,0.336
Karolina Muchova,2020,0.175,7,0.175,0.655,0.115,0.068,0.627,0.044,0.132,0.093,0.077,0.113,0.206,0.119,0.21,0.268,0.02,0.193,0.005,0.234,0.186,0.215,0.878,0.771,0.789,0.798,0.768,0.144,0.656,0.34
Karolina Muchova,2021,0.127,11,0.127,0.694,0.087,0.044,0.77,0.033,0.134,0.066,0.07,0.1,0.193,0.277,0.245,0.358,0.014,0.355,0.005,0.102,0.17,0.129,0.881,0.764,0.542,0.721,0.751,0.105,0.607,0.296
Karolina Muchova,2022,0.152,7,0.152,0.615,0.093,0.05,0.686,0.032,0.13,0.1,0.064,0.115,0.243,0.175,0.191,0.304,0.025,0.37,0.01,0.069,0.091,0.078,0.897,0.771,0.52,0.721,0.712,0.097,0.592,0.284
Karolina Muchova,2023,0.148,23,0.148,0.721,0.106,0.052,0.508,0.035,0.175,0.126,0.064,0.15,0.281,0.188,0.33,0.399,0.024,0.356,0.01,0.192,0.179,0.187,0.799,0.748,0.581,0.708,0.735,0.148,0.617,0.323
Karolina Muchova,2024,0.146,11,0.146,0.71,0.104,0.105,0.77,0.084,0.177,0.085,0.099,0.131,0.303,0.227,0.306,0.418,0.025,0.369,0.01,0.068,0.135,0.094,0.9,0.727,0.516,0.698,0.713,0.112,0.6,0.291
Karolina Muchova,2025,0.156,9,0.156,0.627,0.098,0.084,0.605,0.057,0.163,0.074,0.088,0.119,0.295,0.074,0.223,0.296,0.024,0.359,0.009,0.236,0.202,0.222,0.896,0.778,0.69,0.775,0.736,0.144,0.639,0.334
Madison Keys,2014,0.052,8,0.052,0.657,0.034,0.003,0.125,0.003,0.206,0.108,0.098,0.157,0.343,0.226,0.223,0.396,0.003,0.042,0.0,0.625,0.603,0.616,0.315,0.625,0.929,0.654,0.675,0.258,0.636,0.398
Madison Keys,2015,0.071,17,0.071,0.683,0.049,0.002,0.059,0.002,0.203,0.112,0.093,0.157,0.346,0.2,0.252,0.399,0.004,0.216,0.002,0.653,0.594,0.629,0.397,0.647,0.914,0.677,0.703,0.266,0.646,0.41
Madison Keys,2016,0.08,12,0.08,0.687,0.055,0.0,0.0,0.0,0.178,0.074,0.104,0.126,0.279,0.249,0.199,0.363,0.009,0.205,0.002,0.558,0.44,0.511,0.532,0.633,0.892,0.691,0.667,0.22,0.632,0.375
Madison Keys,2017,0.091,7,0.091,0.69,0.06,0.0,0.0,0.0,0.2,0.151,0.073,0.175,0.278,0.379,0.302,0.48,0.005,0.31,0.002,0.548,0.46,0.513,0.486,0.657,0.872,0.688,0.715,0.242,0.663,0.393
Madison Keys,2018,0.059,11,0.059,0.641,0.037,0.0,0.0,0.0,0.196,0.12,0.076,0.158,0.314,0.276,0.27,0.429,0.011,0.2,0.004,0.516,0.475,0.5,0.352,0.655,0.884,0.663,0.658,0.224,0.646,0.377
Madison Keys,2019,0.071,14,0.071,0.644,0.048,0.0,0.0,0.0,0.18,0.143,0.086,0.162,0.316,0.108,0.281,0.352,0.009,0.233,0.003,0.63,0.599,0.617,0.402,0.643,0.911,0.675,0.709,0.264,0.632,0.404
Madison Keys,2020,0.069,3,0.069,0.569,0.04,0.0,0.0,0.0,0.138,0.098,0.05,0.118,0.259,0.667,0.197,0.561,0.005,0.0,0.0,0.593,0.598,0.595,0.495,0.6,0.857,0.656,0.636,0.238,0.656,0.393
Madison Keys,2021,0.064,4,0.064,0.489,0.037,0.0,0.0,0.0,0.21,0.119,0.09,0.164,0.277,0.219,0.302,0.399,0.008,0.375,0.004,0.57,0.5,0.542,0.345,0.6,0.933,0.649,0.621,0.24,0.629,0.378
Madison Keys,2022,0.048,8,0.048,0.52,0.03,0.0,0.0,0.0,0.16,0.118,0.055,0.139,0.28,0.234,0.256,0.385,0.004,0.0,0.0,0.408,0.348,0.384,0.36,0.45,0.824,0.544,0.554,0.18,0.532,0.295
Madison Keys,2023,0.089,11,0.089,0.745,0.064,0.0,0.0,0.0,0.189,0.11,0.082,0.149,0.298,0.155,0.226,0.339,0.012,0.221,0.003,0.506,0.401,0.464,0.496,0.655,0.882,0.691,0.694,0.218,0.631,0.371
Madison Keys,2024,0.094,10,0.094,0.67,0.064,0.003,0.033,0.001,0.213,0.108,0.111,0.161,0.341,0.2,0.222,0.382,0.009,0.233,0.003,0.334,0.29,0.316,0.515,0.6,0.775,0.636,0.645,0.178,0.589,0.321
Madison Keys,2025,0.075,17,0.075,0.688,0.05,0.0,0.0,0.0,0.224,0.171,0.071,0.197,0.377,0.333,0.313,0.512,0.004,0.176,0.001,0.562,0.47,0.525,0.358,0.6,0.861,0.63,0.654,0.252,0.638,0.384
Mirra Andreeva,2022,0.023,1,0.023,0.6,0.014,0.0,0.0,0.0,0.066,0.043,0.023,0.054,0.136,0.0,0.122,0.129,0.015,0.375,0.006,0.0,0.0,0.0,0.342,0.6,0.36,0.476,0.429,0.026,0.403,0.171
Mirra Andreeva,2023,0.056,10,0.056,0.677,0.037,0.0,0.0,0.0,0.128,0.112,0.036,0.12,0.186,0.029,0.234,0.225,0.016,0.307,0.005,0.038,0.044,0.041,0.427,0.54,0.523,0.512,0.521,0.072,0.451,0.202
Mirra Andreeva,2024,0.074,23,0.074,0.652,0.047,0.0,0.0,0.0,0.103,0.109,0.035,0.106,0.118,0.08,0.239,0.218,0.022,0.455,0.01,0.035,0.03,0.033,0.559,0.548,0.528,0.544,0.551,0.066,0.461,0.204
Mirra Andreeva,2025,0.092,44,0.092,0.688,0.065,0.001,0.045,0.001,0.114,0.123,0.049,0.118,0.15,0.066,0.287,0.252,0.023,0.396,0.008,0.067,0.102,0.081,0.591,0.586,0.56,0.579,0.606,0.091,0.496,0.235
Paula Badosa,2015,0.028,1,0.028,0.667,0.019,0.0,0.0,0.0,0.038,0.106,0.068,0.072,0.095,0.0,0.143,0.119,0.007,0.0,0.0,0.0,0.16,0.064,0.329,0.4,0.783,0.501,0.451,0.054,0.432,0.177
Paula Badosa,2019,0.061,5,0.061,0.488,0.03,0.0,0.0,0.0,0.088,0.099,0.049,0.094,0.183,0.0,0.276,0.23,0.002,0.3,0.002,0.0,0.0,0.0,0.506,0.48,0.388,0.458,0.445,0.046,0.394,0.166
Paula Badosa,2020,0.054,5,0.054,0.626,0.033,0.0,0.0,0.0,0.126,0.094,0.058,0.11,0.252,0.18,0.224,0.328,0.004,0.0,0.0,0.0,0.014,0.006,0.429,0.4,0.331,0.385,0.363,0.056,0.365,0.155
Paula Badosa,2021,0.056,21,0.056,0.727,0.041,0.0,0.0,0.0,0.141,0.094,0.055,0.118,0.213,0.169,0.339,0.36,0.003,0.175,0.001,0.009,0.035,0.02,0.405,0.457,0.378,0.423,0.431,0.065,0.409,0.179
Paula Badosa,2022,0.045,20,0.045,0.706,0.03,0.0,0.0,0.0,0.139,0.097,0.067,0.118,0.222,0.17,0.255,0.323,0.006,0.277,0.002,0.003,0.03,0.014,0.331,0.47,0.407,0.423,0.433,0.06,0.409,0.175
Paula Badosa,2023,0.072,4,0.072,0.532,0.043,0.0,0.0,0.0,0.172,0.107,0.065,0.139,0.232,0.0,0.284,0.258,0.005,0.1,0.002,0.03,0.078,0.049,0.472,0.4,0.619,0.48,0.456,0.083,0.428,0.188
Paula Badosa,2024,0.06,17,0.06,0.693,0.042,0.0,0.0,0.0,0.165,0.112,0.057,0.139,0.253,0.266,0.26,0.389,0.003,0.265,0.001,0.046,0.151,0.088,0.394,0.482,0.5,0.47,0.467,0.094,0.46,0.213
Paula Badosa,2025,0.062,9,0.062,0.812,0.05,0.0,0.0,0.0,0.15,0.115,0.053,0.133,0.235,0.185,0.28,0.35,0.004,0.315,0.002,0.056,0.122,0.082,0.415,0.511,0.514,0.493,0.513,0.093,0.467,0.218
Qinwen Zheng,2021,0.08,1,0.08,0.8,0.064,0.0,0.0,0.0,0.204,0.127,0.077,0.165,0.25,0.167,0.5,0.458,0.006,0.0,0.0,0.485,0.59,0.527,0.427,0.6,0.901,0.656,0.721,0.243,0.639,0.385
Qinwen Zheng,2022,0.074,13,0.074,0.687,0.05,0.006,0.205,0.003,0.143,0.104,0.052,0.124,0.192,0.138,0.307,0.319,0.011,0.406,0.006,0.166,0.227,0.19,0.54,0.631,0.659,0.621,0.596,0.121,0.556,0.277
Qinwen Zheng,2023,0.06,18,0.06,0.73,0.042,0.004,0.097,0.002,0.168,0.089,0.085,0.129,0.158,0.159,0.175,0.246,0.011,0.345,0.004,0.254,0.289,0.268,0.425,0.556,0.81,0.606,0.61,0.145,0.541,0.283
Qinwen Zheng,2024,0.061,41,0.061,0.726,0.045,0.005,0.081,0.004,0.168,0.104,0.073,0.136,0.253,0.179,0.258,0.344,0.012,0.324,0.005,0.186,0.307,0.234,0.417,0.585,0.708,0.588,0.616,0.138,0.55,0.282
Qinwen Zheng,2025,0.078,11,0.078,0.737,0.056,0.0,0.0,0.0,0.151,0.102,0.07,0.126,0.235,0.087,0.243,0.282,0.012,0.386,0.004,0.206,0.235,0.218,0.51,0.655,0.76,0.657,0.661,0.132,0.583,0.295
Tatjana Maria,2015,0.109,3,0.109,0.778,0.089,0.0,0.0,0.0,0.135,0.074,0.147,0.104,0.32,0.222,0.333,0.438,0.009,0.185,0.005,0.0,0.01,0.004,0.749,0.467,0.226,0.451,0.496,0.07,0.407,0.188
Tatjana Maria,2017,0.09,4,0.09,0.569,0.05,0.0,0.0,0.0,0.084,0.079,0.017,0.081,0.184,0.25,0.087,0.26,0.019,0.255,0.006,0.0,0.0,0.0,0.732,0.45,0.463,0.51,0.459,0.048,0.42,0.174
Tatjana Maria,2018,0.199,6,0.199,0.589,0.121,0.007,0.083,0.003,0.166,0.128,0.079,0.147,0.202,0.25,0.301,0.376,0.013,0.033,0.001,0.0,0.0,0.0,0.799,0.467,0.404,0.514,0.512,0.095,0.443,0.21
Tatjana Maria,2019,0.194,2,0.194,0.636,0.125,0.0,0.0,0.0,0.123,0.566,0.444,0.345,0.168,0.312,0.75,0.615,0.017,0.05,0.002,0.0,0.0,0.0,0.551,0.5,0.451,0.496,0.446,0.175,0.518,0.257
Tatjana Maria,2021,0.126,1,0.126,0.545,0.069,0.0,0.0,0.0,0.178,0.1,0.078,0.139,0.421,0.2,0.2,0.41,0.017,0.429,0.007,0.0,0.0,0.0,0.689,0.6,0.314,0.532,0.479,0.076,0.478,0.216
Tatjana Maria,2022,0.158,7,0.158,0.678,0.106,0.013,0.286,0.008,0.249,0.125,0.17,0.187,0.41,0.071,0.29,0.386,0.012,0.521,0.006,0.0,0.01,0.004,0.704,0.629,0.463,0.594,0.612,0.108,0.526,0.249
Tatjana Maria,2023,0.164,6,0.164,0.509,0.086,0.02,0.417,0.011,0.193,0.152,0.138,0.172,0.272,0.153,0.25,0.338,0.012,0.135,0.003,0.028,0.025,0.027,0.754,0.567,0.566,0.604,0.582,0.103,0.519,0.238
Tatjana Maria,2024,0.092,1,0.092,0.667,0.061,0.0,0.0,0.0,0.155,0.0,0.155,0.078,0.267,0.0,0.0,0.134,0.022,0.333,0.007,0.0,0.0,0.0,0.782,0.6,0.473,0.598,0.658,0.049,0.458,0.201
Tatjana Maria,2025,0.132,3,0.132,0.56,0.071,0.0,0.0,0.0,0.556,0.056,0.5,0.306,0.389,0.333,0.0,0.361,0.032,0.431,0.018,0.0,0.0,0.0,0.397,0.467,0.711,0.526,0.513,0.143,0.504,0.23
